ISOLATE,collection_date,ST,cgT
2015-10854,2015-06-02,,-
2015-10885,2015-06-02,,-
2015-10886,2015-06-01,,-
2015-11035,2015-06-03,,-
2015-11134,2015-06-04,,-
2015-11440,2015-06-10,,-
2015-11521,2015-06-11,,-
2015-11727,2015-06-15,,-
2015-11842,2015-06-16,11,365
2015-11958,,,-
2015-12100,2015-06-22,,-
2015-12154,2015-06-21,,-
2015-12191,2015-06-23,,-
2015-12232,2015-06-24,,-
2015-12378,2015-06-22,,-
2015-12524,2015-06-28,,-
2015-13152,2015-06-30,,-
2015-13188,2015-06-26,,-
2015-13322,2015-07-01,,-
2015-13327,2015-06-30,,-
2015-13379,2015-07-04,,-
2015-00623,2015-01-07,,-
2015-00735,2015-01-06,,-
2015-01158,2015-01-14,,-
2015-01621,2015-01-20,11,136
2015-01626,2015-01-20,,-
2015-01703,2015-01-23,,-
2015-01823,2015-01-22,,-
2015-01902,2015-01-24,,-
2015-02176,2015-01-29,,-
2015-02292,2015-01-28,,-
2015-02559,2015-02-03,,-
2015-02629,2015-02-05,,-
2015-02680,2015-02-05,,-
2015-02949,,,-
2015-03393,2015-02-15,,-
2015-03233,2015-02-13,11,2189
2015-03173,2015-02-11,,-
2015-03157,2015-02-12,180,UC
2015-03617,2015-02-15,,-
2015-03800,2015-02-20,,-
2015-03941,2015-02-19,11,UC
2015-04172,2015-02-23,11,33
2015-04175,2015-02-24,,-
2015-04183,2015-02-23,,-
2015-04643,2015-03-03,,-
2015-04673,2015-03-03,,-
2015-05066,2015-03-07,,-
2015-02290,2015-01-30,,-
2015-05345,2015-03-10,,-
2015-05523,,,-
2015-05471,2015-03-11,,-
2015-05892,2015-03-17,,-
2015-05747,2015-03-17,,-
2015-05765,2015-03-16,,-
2015-06264,2015-03-24,,-
2015-06134,2015-03-23,,-
2015-06112,2015-03-23,,-
2015-06110,2015-03-19,,-
2015-05679,2015-03-17,,-
2015-06667,2015-04-01,,-
2015-07004,2015-04-07,,-
2015-07192,2015-04-08,,-
2015-07286,2015-04-07,,-
2015-07314,2015-04-11,,-
2015-07369,2015-04-10,,-
2015-07470,,,-
2015-07510,2015-04-12,,-
2015-07579,2015-04-13,,-
2015-07647,2015-04-17,,-
2015-07690,2015-04-16,,-
2015-07872,2015-04-15,,-
2015-07950,2015-04-21,,-
2015-08127,2015-04-21,,-
2015-08419,2015-04-25,,-
2015-08506,,,-
2015-08580,2015-04-27,,-
2015-08773,2015-05-01,11,1298
2015-08901,2015-05-04,,-
2015-09299,2015-05-06,,-
2015-09201,2015-05-08,,-
2015-09103,2015-05-07,,-
2015-09489,2015-05-08,11,1298
2015-09667,2015-05-13,,-
2015-09942,2015-05-18,,-
2015-10187,2015-05-18,,-
2015-10300,2015-05-23,,-
2015-10323,2015-05-22,,-
2015-10401,2015-05-25,,-
2015-10430,2015-05-24,11,2220
2015-10576,2015-05-27,,-
2015-10580,2015-05-27,,-
2015-10715,2015-05-29,,-
2015-13647,2015-07-10,,-
2015-13876,2015-07-10,,-
2015-13896,,,-
2015-14174,2015-07-13,,-
2015-14247,2015-07-13,,-
2015-14259,2015-07-16,1972,747
2015-14260,2015-07-16,,-
2015-14304,,11,2250
2015-14338,2015-07-17,,-
2015-14445,2015-07-14,,-
2015-14510,2015-07-18,,-
2015-14748,2015-07-22,,-
2015-14753,2015-07-22,,-
2015-14756,2015-07-22,,-
2015-14832,2015-07-23,,-
2015-14834,2015-07-22,,-
2015-14901,2015-07-24,,-
2015-14954,2015-07-22,,-
2015-15112,2015-07-24,,-
2015-15139,2015-07-26,,-
2015-15159,2015-07-27,,-
2015-15163,2015-07-29,,-
2015-15171,2015-07-28,,-
2015-15185,2015-07-27,,-
2015-15200,,11,2250
2015-15202,,,-
2015-15345,2015-07-31,,-
2015-15346,2015-07-31,,-
2015-15387,2015-08-03,11,2219
2015-15804,2015-08-06,,-
2015-15971,2015-08-05,,-
2015-16014,2015-08-09,,-
2015-16174,2015-08-12,,-
2015-16178,2015-08-13,11,2165
2015-16233,2015-08-12,,-
2015-16234,2015-08-12,,-
2015-16237,2015-08-14,,-
2015-16560,2015-08-17,,-
2015-16633,2015-08-18,,-
2015-16667,2015-08-19,,-
2015-16670,2015-08-21,,-
2015-16768,2015-08-23,,-
2015-17122,2015-08-26,,-
2015-17546,2015-09-01,11,33
2015-17636,2015-09-03,,-
2015-17601,2015-09-03,,-
2015-17716,,,-
2015-17743,2015-09-05,11,UC
2015-17765,2015-09-04,3304,260
2015-17842,2015-09-07,,-
2015-17901,2015-09-07,,-
2015-17981,2015-09-08,11,2218
2015-18079,2015-09-10,,-
2015-18070,2015-09-11,,-
2015-18065,2015-09-10,,-
2015-18010,2015-09-10,,-
2015-18006,2015-09-09,,-
2015-17996,2015-09-07,,-
2015-18193,2015-09-10,,-
2015-18134,2015-09-11,1972,747
2015-18165,2015-09-10,,-
2015-18159,2015-09-11,,-
2015-18235,2015-09-14,,-
2015-18223,2015-09-12,,-
2015-18321,2015-09-15,,-
2015-18319,2015-09-13,,-
2015-18302,2015-09-14,,-
2015-18403,2015-09-15,,-
2015-18366,2015-09-14,11,2165
2015-18470,2015-09-17,,-
2015-18469,2015-09-16,,-
2015-18431,2015-09-16,,-
2015-18422,2015-09-15,,-
2015-18566,2015-09-19,,-
2015-18891,2015-09-23,,-
2015-18873,2015-09-24,3304,260
2015-18963,,,-
2015-19276,2015-10-01,,-
2015-19342,2015-10-03,,-
2015-19466,2015-10-06,,-
2015-19464,2015-10-05,,-
2015-19524,2015-10-06,,-
2015-19488,2015-10-05,,-
2015-19610,2015-10-07,,-
2015-19608,2015-10-09,,-
2015-19557,2015-10-05,3304,260
2015-19717,2015-10-10,,-
2015-19875,2015-10-13,,-
2015-20068,2015-10-13,,-
2015-20060,2015-10-15,,-
2015-20059,2015-10-15,,-
2015-20058,2015-10-15,,-
2015-20244,2015-10-16,,-
2015-20155,2015-10-16,,-
2015-20151,2015-10-13,,-
2015-20378,,1925,159
2015-20581,2015-10-22,,-
2015-20557,2015-10-21,,-
2015-20516,2015-10-19,11,136
2015-20510,2015-10-21,,-
2015-20506,2015-10-20,,-
2015-20617,2015-10-23,,-
2015-20592,2015-10-19,,-
2015-20785,2015-10-26,,-
2015-20757,2015-10-24,,-
2015-20842,2015-10-26,,-
2015-21017,2015-10-29,,-
2015-21048,2015-10-30,,-
2015-21352,2015-11-05,,-
2015-21284,2015-11-04,,-
2015-21370,2015-11-02,,-
2015-21467,2015-11-05,,-
2015-21587,2015-11-09,,-
2015-21693,2015-11-10,,-
2015-21692,2015-11-09,,-
2015-21637,2015-11-08,,-
2015-21890,2015-11-10,,-
2015-21889,2015-11-13,,-
2015-21885,2015-11-12,,-
2015-21860,,,-
2015-21948,2015-11-11,,-
2015-22181,2015-11-16,,-
2015-22213,2015-11-16,11,2165
2015-22380,2015-11-19,,-
2015-22379,2015-11-19,,-
2015-22371,2015-11-18,,-
2015-22369,2015-11-19,,-
2015-22342,2015-11-17,,-
2015-22455,2015-11-19,11,284
2015-22430,2015-11-20,,-
2015-22424,2015-11-16,11,1914
2015-22993,2015-11-26,,-
2015-23317,2015-11-30,,-
2015-23315,2015-12-01,,-
2015-23282,2015-12-01,,-
2015-23443,2015-12-05,,-
2015-23788,2015-12-08,,-
2015-23991,2015-12-08,,-
2015-24483,2015-12-17,,-
2015-24519,2015-12-16,,-
2015-25327,2015-12-24,,-
2015-25297,2015-12-22,,-
2016-00081,2015-12-29,,-
2016-00428,2016-01-06,,-
2016-00644,,,-
2016-00640,,,-
2016-00903,2016-01-11,,-
2016-00944,2016-01-12,,-
2016-00939,2016-01-13,,-
2016-01350,2016-01-19,,-
2016-01377,2016-01-18,,-
2016-01479,2016-01-22,,-
2016-01515,2016-01-22,,-
2016-01503,2016-01-24,,-
2016-01499,2016-01-21,11,623
2016-01644,2016-01-25,,-
2016-01603,2016-01-21,,-
2016-01687,2016-01-26,,-
2016-01946,2016-01-27,,-
2016-01832,2016-01-27,,-
2016-02012,2016-01-26,,-
2016-02873,2016-01-28,,-
2016-03432,2016-02-04,1972,UC
2016-03522,2016-02-05,,-
2016-03760,,,-
2016-04112,2016-02-13,,-
2016-04904,2016-02-17,11,33
2016-05384,2016-02-24,,-
2016-05473,2016-02-24,,-
2016-05969,2016-03-02,,-
2016-06173,2016-03-07,,-
2016-06441,2016-03-08,11,136
2016-06442,2016-03-08,,-
2016-07049,2016-03-16,11,2250
2016-07524,2016-03-25,,-
2016-07702,2016-03-29,,-
2016-07676,2016-03-29,,-
2016-07752,2016-03-30,,-
2016-07762,2016-03-30,,-
2016-07957,2016-04-02,1925,159
2016-08134,2016-04-04,,-
2016-07790,2016-03-31,1925,159
2016-08240,,,-
2016-08225,2016-04-04,11,136
2016-08262,2016-04-04,,-
2016-08313,2016-04-06,,-
2016-08913,2016-04-12,,-
2016-08920,2016-04-12,,-
2016-08922,2016-04-13,,-
2016-08946,2016-04-14,,-
2016-08974,2016-04-16,,-
2016-09032,2016-04-14,,-
2016-09033,2016-04-13,,-
2016-09076,2016-04-14,,-
2016-09127,2016-04-16,,-
2016-09128,2016-04-16,,-
2016-09276,2016-04-18,,-
2016-09341,2016-04-19,,-
2016-09517,2016-04-17,,-
2016-09534,2016-04-22,,-
2016-09566,2016-04-22,,-
2016-09658,2016-04-23,,-
2016-09771,2016-04-24,,-
2016-09947,2016-04-27,,-
2016-10053,2016-04-19,11,2221
2016-09983,2016-04-27,,-
2016-09980,2016-04-26,,-
2016-10274,2016-04-28,,-
2016-10428,2016-05-03,,-
2016-10513,2016-05-02,,-
2016-10525,2016-05-04,,-
2016-10528,2016-05-06,,-
2016-10538,2016-05-05,,-
2016-10634,2016-05-06,,-
2016-10919,2016-05-09,,-
2016-10912,2016-05-09,,-
2016-10896,2016-05-09,,-
2016-11070,2016-05-12,,-
2016-11071,2016-05-11,,-
2016-11094,2016-05-14,,-
2016-11174,2016-05-14,,-
2016-11269,2016-05-13,,-
2016-11686,2016-05-19,,-
2016-11725,2016-05-21,,-
2016-11914,2016-05-24,,-
2016-11934,2016-05-24,,-
2016-11974,2016-05-23,,-
2016-12347,2016-05-30,,-
2016-12378,2016-05-30,,-
2016-12398,2016-05-30,,-
2016-13020,2016-06-07,,-
2016-12980,2016-06-05,,-
2016-13079,2016-06-05,,-
2016-13156,2016-06-07,,-
2016-13224,2016-06-11,,-
2016-13654,2016-06-17,,-
2016-13881,2016-06-19,,-
2016-13979,2016-06-23,,-
2016-14041,2016-06-27,,-
2016-14101,2016-06-24,,-
2016-14157,2016-06-22,,-
2016-14215,2016-06-28,,-
2016-14365,2016-06-28,,-
2016-14469,2016-06-30,,-
2016-14512,2016-07-02,,-
2016-14587,2016-07-02,,-
2016-14674,2016-07-04,,-
2016-14673,2016-07-04,,-
2016-14792,2016-07-06,,-
2016-14812,,,-
2016-14810,2016-07-06,,-
2016-15009,2016-07-06,,-
2016-14960,2016-07-06,,-
2016-14925,2016-07-06,,-
2016-15086,2016-07-07,,-
2016-15271,2016-07-13,,-
2016-15264,2016-07-10,,-
2016-15239,2016-07-11,,-
2016-15380,2016-07-13,,-
2016-15329,2016-07-11,,-
2016-15327,2016-07-13,,-
2016-15603,2016-07-17,,-
2016-15604,2016-07-17,,-
2016-15671,2016-07-18,,-
2016-15640,2016-07-15,,-
2016-15906,2016-07-21,,-
2016-15875,2016-07-20,,-
2016-15974,2016-07-22,,-
2016-15955,2016-07-21,,-
2016-16044,2016-07-22,,-
2016-16047,2016-07-22,,-
2016-16192,2016-07-25,11,2219
2016-16258,2016-07-25,,-
2016-16244,,,-
2016-16284,2016-07-26,,-
2016-16842,2016-08-04,,-
2016-16833,2016-08-04,,-
2016-16832,2016-08-04,,-
2016-16955,2016-08-01,,-
2016-16954,2016-08-06,,-
2016-16901,2016-08-03,,-
2016-17188,2016-08-08,,-
2016-17294,2016-08-10,,-
2016-17226,2016-08-09,,-
2016-17780,2016-08-19,,-
2016-17730,2016-08-16,,-
2016-18031,2016-08-22,,-
2016-18009,2016-08-23,,-
2016-18006,2016-08-19,,-
2016-18130,2016-08-25,,-
2016-18203,2016-08-26,,-
2016-18264,2016-08-25,,-
2016-18529,2016-08-30,,-
2016-18839,2016-09-05,,-
2016-18974,2016-09-07,,-
2016-18973,2016-09-06,,-
2016-18993,2016-09-07,,-
2016-19135,2016-09-10,,-
2016-19175,2016-09-12,,-
2016-19348,2016-09-11,,-
2016-19414,2016-09-13,,-
2016-19413,,,-
2016-19402,2016-09-13,,-
2016-19394,2016-09-13,,-
2016-19508,2016-09-16,,-
2016-19493,2016-09-15,,-
2016-19778,2016-09-22,,-
2016-20068,2016-09-29,,-
2016-20048,2016-09-28,,-
2016-20015,2016-09-27,,-
2016-20083,2016-09-28,,-
2016-20161,2016-10-01,,-
2016-20203,2016-10-01,,-
2016-20421,2016-10-04,,-
2016-20355,2016-10-06,,-
2016-20470,2016-10-05,,-
2016-20469,2016-10-06,,-
2016-20468,2016-10-04,,-
2016-20513,2016-10-06,,-
2016-20577,2016-10-06,,-
2016-20663,2016-10-09,,-
2016-20714,2016-10-07,,-
2016-20831,2016-10-11,,-
2016-20805,2016-10-10,,-
2016-20921,2016-10-13,,-
2016-20905,2016-10-11,,-
2016-20897,2016-10-12,,-
2016-21001,2016-10-12,,-
2016-20995,2016-10-12,,-
2016-21107,2016-10-15,,-
2016-21112,2016-10-18,,-
2016-21203,2016-10-18,,-
2016-21321,2016-10-18,,-
2016-21291,2016-10-17,,-
2016-21395,2016-10-18,,-
2016-21354,2016-10-19,,-
2016-21504,2016-10-18,,-
2016-21482,2016-10-21,,-
2016-21462,2016-10-20,,-
2016-21595,2016-10-22,,-
2016-21614,2016-10-24,,-
2016-21704,2016-10-25,,-
2016-21670,2016-10-24,,-
2016-21795,2016-10-24,,-
2016-21768,2016-10-27,,-
2016-21967,2016-10-31,,-
2016-21998,2016-11-01,,-
2016-22259,2016-11-04,,-
2016-22556,2016-11-08,,-
2016-22642,2016-11-08,,-
2016-22620,2016-11-11,,-
2016-22611,2016-11-07,,-
2016-23005,2016-11-17,,-
2016-22970,2016-11-14,,-
2016-22966,2016-11-15,,-
2016-23253,2016-11-21,,-
2016-23346,2016-11-23,,-
2016-23329,2016-11-21,,-
2016-23387,2016-11-23,,-
2016-23444,2016-11-23,,-
2016-23572,2016-11-26,,-
2016-23528,2016-11-24,,-
2016-23636,2016-11-28,,-
2016-23733,2016-11-29,,-
2016-23769,2016-11-30,,-
2016-23898,2016-12-02,,-
2016-23897,2016-12-04,,-
2016-23960,2016-12-01,,-
2016-23954,2016-11-30,,-
2016-24064,2016-11-28,,-
2016-24061,2016-12-01,,-
2016-24237,2016-12-07,,-
2016-24235,2016-12-06,,-
2016-24156,2016-12-06,,-
2016-24440,2016-12-09,,-
2016-24584,2016-12-12,,-
2016-24771,2016-12-17,,-
2016-24764,2016-12-15,,-
2016-24862,2016-12-03,,-
2016-25193,2016-12-20,11,33
2016-25153,2016-12-21,,-
2016-25143,2016-12-23,11,2219
2016-25111,2016-12-20,,-
2016-25145,2016-12-19,11,33
2016-25368,2016-12-28,1925,159
2017-00028,2016-12-29,11,33
2017-00123,2016-12-28,11,33
2017-00121,2016-12-27,11,136
2017-00117,2016-12-31,11,33
2017-00483,2017-01-04,11,33
2017-00533,2017-01-07,11,365
2017-00531,2017-01-07,11,365
2017-00962,2017-01-11,11,2189
2017-00960,2017-01-11,11,33
2017-00867,2017-01-11,11,33
2017-00866,2017-01-11,11,2189
2017-01187,,11,33
2017-01182,2017-01-15,11,2165
2017-01147,2017-01-14,11,2165
2017-01136,2017-01-15,11,33
2017-01533,2017-01-18,11,33
2017-01538,2017-01-17,11,2250
2017-01680,2017-01-19,11,33
2017-01678,2017-01-19,11,2165
2017-01861,2017-01-25,365,810
2017-02023,2017-01-27,11,2189
2017-02212,2017-01-29,11,367
2017-02448,2017-02-02,11,33
2017-02501,2017-02-01,11,33
2017-02503,2017-01-31,11,295
2017-02555,2017-02-01,11,365
2017-02554,2017-01-31,11,33
2017-02744,2017-02-03,11,33
2017-03054,2017-02-06,11,135
2017-03033,2017-02-06,11,135
2017-03361,,11,2189
2017-03326,2017-02-09,1925,159
2017-03638,2017-02-15,11,796
2017-03585,2017-02-14,1925,159
2017-03584,2017-02-14,11,UC
2017-04167,2017-02-23,11,33
2017-04482,2017-02-25,1925,159
2017-04514,2017-02-27,,2165
2017-04610,2017-03-03,11,2165
2017-04751,2017-03-03,1925,159
2017-05020,,,2189
2017-05092,2017-03-08,11,282
2017-05274,2017-03-10,11,2189
2017-05717,2017-03-17,11,493
2017-05919,2017-03-20,11,33
2017-06228,2017-03-22,11,2189
2017-06235,2017-03-22,11,189
2017-06242,2017-03-22,11,2203
2017-06418,2017-03-27,11,365
2017-06691,2017-03-31,11,135
2017-06676,2017-03-28,11,607
2017-06608,2017-03-28,11,2203
2017-06605,2017-03-27,11,607
2017-06792,2017-03-30,11,365
2017-06979,2017-04-02,11,607
2017-07203,2017-04-04,11,136
2017-07578,2017-04-11,1925,159
2017-07576,2017-04-10,11,2250
2017-07623,2017-04-13,11,365
2017-07671,2017-04-12,11,33
2017-07795,2017-04-15,11,1671
2017-07793,2017-04-14,11,287
2017-07792,2017-04-14,1925,159
2017-08026,2017-04-19,11,2165
2017-08112,2017-04-19,1925,159
2017-08162,2017-04-22,11,136
2017-08518,2017-04-18,11,287
2017-08498,2017-04-24,11,365
2017-08497,2017-04-21,11,287
2017-08490,2017-04-21,11,637
2017-08587,2017-04-25,11,782
2017-08707,2017-04-29,1925,159
2017-08685,2017-04-26,3304,260
2017-08729,2017-04-29,11,623
2017-09049,2017-04-29,11,637
2017-09154,2019-09-27,11,783
2017-09249,2017-05-04,11,365
2017-09669,2017-05-11,11,2189
2017-09848,2017-05-11,11,637
2017-10010,2017-05-15,11,2189
2017-10063,2017-05-13,11,33
2017-10221,2017-05-19,11,2165
2017-10378,2017-05-21,11,58
2017-10586,2017-05-23,11,33
2017-10663,2017-05-27,11,2189
2017-10980,2017-05-28,11,33
2017-11397,2017-06-03,11,33
2017-11365,2017-06-02,11,2090
2017-11356,2017-06-02,11,2090
2017-11354,2017-06-01,11,2090
2017-11413,2017-06-01,11,148
2017-11535,2017-06-06,11,136
2017-11498,2017-06-03,11,2220
2017-11594,2017-06-05,11,1671
2017-11542,2017-06-05,,-
2017-11684,2017-06-06,11,284
2017-11949,2017-06-09,11,2219
2017-12169,2017-06-13,11,2219
2017-12153,2017-06-15,11,2219
2017-12119,2017-06-13,11,2165
2017-12118,2017-06-13,3600,341
2017-12117,2017-06-13,11,2189
2017-12458,2017-06-19,11,33
2017-12630,2017-06-23,11,33
2017-12599,2017-06-22,11,2220
2017-12598,2017-06-22,11,33
2017-12899,2017-06-26,11,365
2017-12970,2017-06-29,11,33
2017-12968,2017-06-28,11,2250
2017-12943,2017-06-29,11,33
2017-13130,2017-06-30,1925,159
2017-13196,2017-07-03,11,2220
2017-13319,2017-07-03,11,365
2017-13351,2017-06-30,11,2189
2017-13584,2017-07-04,11,136
2017-13793,2017-07-11,1925,159
2017-13850,2017-07-11,11,33
2017-13950,2017-07-12,11,136
2017-13946,2017-07-13,11,33
2017-13902,2017-07-10,11,365
2017-14219,2017-07-16,11,UC
2017-14395,2017-07-21,11,136
2017-14355,2017-07-19,11,2218
2017-14336,2017-07-18,11,2165
2017-14429,2017-07-20,11,365
2017-14409,2017-07-20,11,282
2017-14619,2017-07-24,11,365
2017-14735,2017-07-24,11,2218
2017-14734,2017-07-25,1925,159
2017-14733,2017-07-25,1925,159
2017-14708,2017-07-24,11,2165
2017-14707,2017-07-24,11,365
2017-14706,2017-07-24,11,365
2017-14848,2017-07-25,11,136
2017-14902,2017-07-24,11,1663
2017-14862,2017-07-27,11,2189
2017-14855,2017-07-27,11,782
2017-15107,2017-08-02,11,UC
2017-15202,2017-07-31,11,2218
2017-15308,2017-08-04,11,33
2017-15307,2017-08-04,11,2189
2017-15418,2017-08-07,11,189
2017-15735,2017-08-14,11,136
2017-15850,2017-08-16,11,135
2017-15828,2017-08-11,11,33
2017-15920,2017-08-18,11,365
2017-15919,2017-08-18,11,33
2017-15865,2017-08-16,11,365
2017-15997,2017-08-16,1925,159
2017-15980,2017-08-16,11,33
2017-16172,2017-08-21,11,UC
2017-16249,2017-08-22,11,2220
2017-16225,2017-08-22,11,2189
2017-16344,2017-08-24,11,2165
2017-16396,2017-08-23,11,2189
2017-16375,2017-08-25,11,623
2017-16463,2017-08-24,11,2220
2017-16436,2017-08-26,11,2189
2017-16575,2017-08-29,11,1663
2017-16754,2017-08-29,11,86
2017-16733,2017-08-31,11,33
2017-16713,2017-08-30,11,734
2017-17338,2017-09-04,11,2165
2017-17312,2017-09-04,11,1040
2017-17449,2017-09-09,1925,159
2017-17417,2017-09-06,138,217
2017-17382,2017-09-06,11,33
2017-17378,2017-09-03,11,2220
2017-17500,2017-09-08,1925,159
2017-17837,2017-09-12,11,2220
2017-18119,2017-09-18,11,33
2017-18342,2017-09-22,1925,159
2017-18631,2017-09-24,11,33
2017-18724,2017-09-22,11,2220
2017-18723,2017-09-24,11,UC
2017-18911,2017-09-27,11,2220
2017-18852,2017-09-28,11,2165
2017-19215,2017-10-03,11,2090
2017-19194,2017-10-03,11,2090
2017-19270,2017-10-05,11,367
2017-19251,2017-10-05,11,365
2017-19243,2017-10-05,11,189
2017-19400,2017-10-05,11,33
2017-19605,2017-10-08,1925,159
2017-19806,2017-10-12,1925,159
2017-19920,2017-10-10,11,58
2017-19919,2017-10-13,11,2130
2017-19895,2017-10-12,1925,159
2017-20130,2017-10-16,11,2130
2017-20086,2017-10-14,11,1245
2017-20082,2017-10-15,11,2132
2017-20238,2017-10-16,11,33
2017-20408,2017-10-17,11,33
2017-20380,2017-10-18,1975,UC
2017-20436,2017-10-18,11,135
2017-20429,2017-10-13,1925,159
2017-20629,2017-10-24,11,2165
2017-20864,2017-10-23,11,33
2017-21013,2017-10-26,11,2165
2017-21022,2017-10-25,11,33
2017-21024,2017-10-27,11,2165
2017-21167,2017-10-29,11,2220
2017-21245,2017-10-29,11,136
2017-21319,2017-11-02,11,2165
2017-21485,2017-11-03,11,136
2017-21594,2017-11-02,11,2219
2017-21592,2017-11-03,11,2165
2017-21737,2017-11-10,11,UC
2017-21735,2017-11-12,11,287
2017-22185,2017-11-15,11,758
2017-22379,2017-11-18,11,33
2017-22477,2017-11-19,1925,159
2017-22541,2017-11-20,11,58
2017-23048,2017-11-29,11,2165
2017-23028,2017-11-28,1925,159
2017-23158,2017-12-01,11,365
2017-23252,2017-12-03,1925,159
2017-23223,2017-12-02,1925,159
2017-23399,2017-12-06,1925,159
2017-23531,2017-12-01,11,2220
2017-23487,2017-12-05,11,2165
2017-23614,2017-12-05,180,2133
2017-23976,2017-12-13,1925,159
2017-23893,2017-12-12,1925,159
2017-24028,2017-12-14,11,33
2017-24545,2017-12-20,1925,159
2017-24511,2017-12-17,11,135
2017-24642,2017-12-23,1925,159
2017-24608,2017-12-19,11,135
2018-00020,2017-12-28,,2165
2018-00113,2017-12-27,11,462
2018-00110,2017-12-28,11,2220
2018-00351,2018-01-06,11,2165
2018-00616,2018-01-08,11,33
2018-00712,2018-01-10,11,2165
2018-00900,2018-01-10,1925,159
2018-00908,2018-01-12,11,462
2018-01021,2018-01-11,11,33
2018-01410,2018-01-17,11,758
2018-01533,2018-01-20,11,367
2018-01509,2018-01-20,11,2219
2018-01919,2018-01-25,11,2165
2018-01898,2018-01-27,11,1040
2018-02070,2018-01-26,11,UC
2018-02021,2018-01-28,11,287
2018-01977,2018-01-27,11,1040
2018-02261,2018-01-31,11,240
2018-02333,2018-02-02,11,287
2018-02800,2018-02-06,11,2090
2018-03024,2018-02-06,11,2219
2018-03177,2018-02-06,11,2219
2018-03303,2018-02-12,11,2219
2018-03254,2018-02-11,11,287
2018-03460,2018-02-13,11,365
2018-03761,2018-02-19,11,33
2018-03958,2018-02-19,11,2189
2018-03917,2018-02-21,11,135
2018-04154,2018-02-22,11,2189
2018-04150,2018-02-22,11,2189
2018-04726,2018-03-01,11,2189
2018-04849,2018-03-03,11,580
2018-04837,2018-03-02,1925,159
2018-04979,2018-03-04,11,2219
2018-05064,2018-03-05,11,33
2018-05880,2018-03-13,11,2189
2018-05879,2018-03-14,11,2218
2018-06179,2018-03-20,11,367
2018-06240,2018-03-18,5443,UC
2018-06212,2018-03-19,11,UC
2018-06299,2018-03-21,11,365
2018-06493,2018-03-23,11,2189
2018-06406,2018-03-22,11,33
2018-06660,2018-03-23,11,365
2018-06769,2018-03-29,11,236
2018-06766,2018-03-26,1925,159
2018-07203,2018-04-04,11,33
2018-07200,2018-04-02,11,2189
2018-07419,2018-04-06,11,33
2018-07619,2018-04-10,11,367
2018-07913,2018-04-12,1925,159
2018-07868,2018-04-11,11,33
2018-07833,2018-04-11,11,33
2018-08219,2018-04-18,11,2090
2018-08288,2018-04-17,11,365
2018-08336,2018-04-20,11,148
2018-08874,2018-04-30,11,148
2018-08873,2018-04-28,11,33
2018-09062,2018-05-01,11,2219
2018-09014,2018-05-01,180,UC
2018-08973,2018-04-30,11,2125
2018-09353,2018-05-05,11,UC
2018-09473,2018-05-07,11,33
2018-09449,2018-05-07,11,58
2018-09440,2018-05-05,11,33
2018-09726,2018-05-10,11,33
2018-09721,2018-05-09,11,287
2018-09662,2018-05-08,11,58
2018-09729,2018-05-10,11,623
2018-10255,2018-05-14,11,148
2018-10327,2018-05-16,11,33
2018-10326,2018-05-17,11,493
2018-10484,2018-05-19,11,33
2018-11224,2018-05-26,11,136
2018-11321,2018-05-27,11,287
2018-11539,2018-05-28,11,2165
2018-11730,2018-06-02,11,2219
2018-11726,2018-05-31,11,135
2018-11996,2018-06-03,,-
2018-12094,2018-06-05,11,33
2018-12393,2018-06-08,11,493
2018-12388,2018-06-08,11,2220
2018-12611,2018-06-12,11,2165
2018-12735,2018-06-12,11,2220
2018-12848,2018-06-13,1925,159
2018-12844,2018-06-14,11,287
2018-13249,2018-06-16,11,2219
2018-13123,2018-06-18,11,33
2018-13351,2018-06-21,11,33
2018-13794,2018-06-28,11,33
2018-13890,2018-06-28,11,282
2018-13917,2018-06-29,11,2165
2018-14027,2018-06-30,11,2220
2018-14091,2018-07-02,11,2219
2018-14170,2018-07-03,11,33
2018-14246,2018-07-05,11,2220
2018-14243,2018-07-06,11,2220
2018-14784,2018-07-12,11,318
2018-14773,2018-07-12,11,33
2018-14894,2018-07-14,11,279
2018-15088,2018-07-17,11,580
2018-15127,2018-07-14,11,33
2018-15107,2018-07-16,11,365
2018-15105,2018-07-13,11,136
2018-15225,2018-07-16,11,287
2018-15255,2018-07-18,11,240
2018-15253,2018-07-19,11,365
2018-15260,2018-07-17,11,33
2018-15470,2018-07-23,1925,159
2018-15468,2018-07-23,11,734
2018-15467,2018-07-23,11,2165
2018-15704,2018-07-25,11,1663
2018-15655,2018-07-24,11,2189
2018-16132,2018-07-29,11,2165
2018-16215,2018-08-01,11,136
2018-16212,2018-07-31,11,2219
2018-16193,2018-07-31,11,2165
2018-16187,2018-08-01,11,2125
2018-16288,2018-08-02,11,UC
2018-16285,2018-08-02,11,33
2018-16284,2018-07-30,1925,159
2018-16387,2018-07-30,1925,159
2018-16686,2018-08-08,11,33
2018-16674,2018-08-07,11,33
2018-16665,2018-08-09,11,2219
2018-16813,2018-08-08,11,33
2018-16975,2018-08-13,1925,159
2018-17011,2018-08-11,11,734
2018-17134,2018-08-15,3304,260
2018-17133,2018-08-13,11,2220
2018-17131,2018-08-14,11,2250
2018-17109,2018-08-13,11,2219
2018-17213,2018-08-15,11,33
2018-17166,2018-08-13,11,2218
2018-17165,2018-08-11,11,33
2018-17230,2018-08-16,1925,159
2018-17374,2018-08-20,11,2219
2018-17346,2018-08-18,11,33
2018-17345,2018-08-18,11,33
2018-17562,2018-08-21,11,2219
2018-17549,2018-08-21,11,33
2018-17677,2018-08-23,11,2132
2018-17578,2018-08-20,11,2132
2018-17693,2018-08-22,11,33
2018-18029,2018-08-22,11,2219
2018-18036,2018-07-26,11,189
2018-18220,2018-08-30,11,2219
2018-18139,2018-08-30,1925,159
2018-18134,2018-08-28,-,664
2018-18133,2018-08-27,11,392
2018-18300,2018-09-01,11,2218
2018-18289,2018-08-31,11,2218
2018-18286,2018-08-31,11,2219
2018-18271,2018-08-29,11,135
2018-18264,2018-09-01,11,33
2018-18344,2018-08-31,11,2220
2018-18584,2018-09-03,11,2220
2018-18217,2018-08-01,,-
2018-18792,2018-09-05,1925,159
2018-18736,2018-09-04,11,2219
2018-18735,2018-09-05,11,2219
2018-18858,2018-09-06,11,33
2018-18857,2018-09-07,11,392
2018-19114,2018-09-11,11,813
2018-19113,2018-09-12,11,33
2018-19112,2018-09-10,11,783
2018-19187,2018-09-12,-,664
2018-19357,2018-09-14,11,33
2018-19717,2018-09-18,11,2220
2018-19713,2018-09-22,11,33
2018-19850,2018-09-19,11,493
2018-20046,2018-09-22,11,UC
2018-20176,2018-09-25,11,UC
2018-20276,2018-09-27,-,664
2018-20265,2018-09-24,11,136
2018-20375,2018-09-29,11,33
2018-20459,2018-10-01,-,2219
2018-20422,2018-09-29,11,2203
2018-20592,2018-10-01,11,UC
2018-20529,2018-10-02,11,2220
2018-20713,2018-10-05,11,2165
2018-20712,2018-10-01,11,33
2018-20668,2018-10-02,11,1498
2018-20762,2018-10-05,11,1671
2018-20754,2018-10-05,11,2220
2018-20926,2018-10-04,11,2219
2018-21056,2018-10-06,1925,159
2018-21234,2018-10-10,11,33
2018-21233,2018-10-11,11,2189
2018-21232,2018-10-11,11,796
2018-21167,2018-10-07,11,33
2018-21337,2018-10-12,11,148
2018-21335,2018-10-09,11,2189
2018-21608,2018-10-14,11,365
2018-21437,2018-10-11,74,UC
2018-21831,2018-10-18,11,2090
2018-21830,2018-10-18,11,33
2018-21829,2018-10-17,11,33
2018-21827,2018-10-18,11,2203
2018-21782,2018-10-18,11,813
2018-21737,2018-10-15,11,2132
2018-21946,2018-10-17,11,2220
2018-22013,2018-10-17,11,2220
2018-22189,2018-10-25,11,2165
2018-22184,2018-10-24,11,2165
2018-22181,2018-10-23,11,2218
2018-22393,2018-10-27,11,33
2018-22392,2018-10-24,11,1671
2018-22386,2018-10-26,11,2189
2018-22385,2018-10-25,1925,159
2018-22487,2018-10-27,11,33
2018-22478,2018-10-28,11,33
2018-22661,2018-11-01,11,2219
2018-22709,2018-10-30,11,1667
2018-22731,2018-10-29,11,2203
2018-22867,2018-10-31,11,33
2018-23160,2018-11-05,11,493
2018-23159,2018-11-08,11,33
2018-23148,2018-11-08,11,2165
2018-23106,2018-11-08,11,2218
2018-23226,2018-11-10,11,2220
2018-23224,2018-11-08,11,2220
2018-23438,2018-11-11,11,33
2018-23433,2018-11-11,11,2220
2018-23997,2018-11-12,180,UC
2018-23996,2018-11-13,11,33
2018-23817,2018-11-12,11,2220
2018-23816,2018-11-12,11,2220
2018-24052,2018-11-14,11,33
2018-24091,2018-11-16,11,713
2018-24090,2018-11-15,11,189
2018-24088,2018-11-15,11,365
2018-24254,2018-11-16,11,284
2018-24189,2018-11-16,11,2220
2018-24392,2018-11-19,11,2165
2018-24576,2018-11-19,11,2165
2018-24575,2018-11-18,11,2165
2018-24570,2018-11-17,11,2220
2018-24715,2018-11-21,11,796
2018-25105,2018-11-27,11,287
2018-25136,2018-11-27,11,287
2018-25174,2018-11-27,11,33
2018-25255,2018-11-29,11,2125
2018-25326,2018-11-29,11,2220
2018-25913,2018-12-07,11,33
2018-25911,2018-12-07,11,33
2018-25863,2018-12-03,11,UC
2018-25862,2018-12-03,11,1671
2018-25999,2018-12-04,1925,159
2018-26345,2018-12-11,11,758
2018-26344,2018-12-11,11,33
2018-26849,2018-12-18,11,783
2018-26852,2018-12-16,11,2189
2019-00349,2019-01-02,11,2220
2019-00516,2019-01-04,11,287
2018-23251,2018-10-17,11,2130
2019-00586,2019-01-06,11,2165
2019-00798,2019-01-09,11,2220
2019-00810,2019-01-07,11,2220
2019-00920,,11,2220
2019-00921,,11,UC
2019-00923,2019-01-11,11,2219
2019-01039,2019-01-13,11,2130
2019-01124,2019-01-12,11,33
2019-01125,2019-01-15,11,637
2019-01191,2019-01-13,1925,159
2019-01206,2019-01-14,11,2220
2019-01207,2019-01-15,11,615
2019-01218,2019-01-15,11,189
2019-01464,2019-01-17,11,2189
2019-01461,2019-01-17,1925,159
2019-01432,2019-01-18,11,33
2019-01427,2019-01-18,11,2125
2019-01422,2019-01-19,11,1667
2019-01557,2019-01-21,11,2220
2019-01514,2019-01-19,11,2125
2019-01777,2019-01-22,1925,159
2019-01861,2019-01-25,11,2218
2019-02047,2019-01-27,11,2165
2019-02320,2019-01-30,11,148
2019-02292,2019-02-01,11,287
2019-02340,2019-01-31,3304,260
2019-02328,2019-01-29,1925,159
2019-02366,2019-02-01,1925,159
2019-02364,2019-02-02,11,1671
2019-02403,2019-01-31,11,279
2019-02404,2019-01-24,11,2220
2019-02443,2019-02-01,11,279
2019-02446,2019-01-30,3304,260
2019-02450,2019-01-30,3304,260
2019-02465,2019-02-01,11,2220
2019-02581,2019-02-03,11,2219
2019-02622,2019-02-05,11,33
2019-02731,2019-02-05,11,147
2019-02836,2019-02-08,11,287
2019-02851,2019-02-08,11,279
2019-03086,2019-02-11,11,279
2019-03198,2019-02-12,11,2165
2019-03220,2019-02-12,11,279
2019-03494,2019-02-14,11,279
2019-03797,2019-02-19,1925,159
2019-03799,2019-02-19,11,2220
2019-03963,2019-02-19,11,2125
2019-04371,2019-02-25,11,33
2019-04376,2019-02-25,11,2220
2019-04674,2019-02-28,11,287
2019-04766,2019-02-27,11,33
2019-05186,2019-03-05,11,287
2019-05270,2019-03-06,11,2220
2019-05287,2019-03-05,11,796
2019-05406,2019-03-07,11,189
2019-05407,2019-03-07,11,189
2019-05410,2019-03-06,3304,260
2019-05456,2019-03-06,11,33
2019-05542,2019-03-08,11,796
2019-05663,2019-03-09,11,2218
2019-05831,2019-03-12,11,33
2019-06087,2019-03-14,1925,159
2019-06229,2019-03-13,11,33
2019-06686,2019-03-21,11,2125
2019-06801,2019-03-22,11,33
2019-06800,2019-03-22,11,287
2019-06796,2019-03-19,11,287
2019-06815,2019-03-21,11,279
2019-07810,2019-03-26,11,287
2019-07930,2019-03-28,11,2165
2019-07895,2019-03-25,11,2165
2019-08137,2019-03-30,11,236
2019-08250,2019-03-30,11,279
2019-08487,2019-03-31,11,279
2019-08588,2019-04-01,11,279
2019-08662,2019-04-04,11,2203
2019-08665,2019-04-05,1925,159
2019-08674,2019-04-02,11,287
2019-09026,2019-04-08,11,2165
2019-09139,2019-04-06,11,2165
2019-09305,2019-04-10,11,2165
2019-09463,2019-04-13,11,279
2019-09744,2019-04-16,11,279
2019-09878,2019-04-18,11,287
2019-09949,2019-04-18,11,279
2019-09944,2019-04-18,11,279
2019-09937,2019-04-16,11,148
2019-09909,2019-04-16,11,58
2019-09903,2019-04-16,11,279
2019-09900,2019-04-18,11,279
2019-09898,2019-04-18,11,279
2019-10049,2019-04-20,11,287
2019-09969,2019-04-16,11,279
2019-09973,2019-04-17,11,2165
2019-09979,2019-04-17,11,279
2019-10038,2019-04-19,11,279
2019-10065,2019-04-20,11,279
2019-10068,2019-04-20,11,279
2019-10070,2019-04-18,11,279
2019-10071,2019-04-20,11,279
2019-10074,2019-04-20,11,279
2019-10161,2019-04-20,11,279
2019-10162,2019-04-22,11,279
2019-10184,2019-04-22,11,279
2019-10187,2019-04-22,11,279
2019-10188,2019-04-23,11,33
2019-10430,2019-04-27,11,279
2019-10275,2019-04-24,11,279
2019-10546,2019-04-26,11,2090
2019-10535,2019-04-26,11,33
2019-10633,2019-04-26,11,2218
2019-10698,2019-04-27,11,2219
2019-10782,2019-04-30,11,2165
2019-10905,2019-04-26,11,279
2019-10893,2019-04-29,11,279
2019-10891,2019-04-30,11,287
2019-10868,2019-04-27,11,279
2019-10866,2019-04-27,11,279
2019-10865,2019-04-28,11,279
2019-10864,2019-04-29,11,279
2019-11022,2019-05-02,11,136
2019-11044,2019-05-02,11,279
2019-11059,2019-05-03,11,2219
2019-11069,2019-05-01,11,2219
2019-11061,2019-05-02,11,287
2019-11174,2019-05-02,1925,159
2019-11444,2019-05-06,11,33
2019-11350,2019-05-05,11,279
2019-11646,2019-05-02,11,279
2019-11645,2019-05-06,11,279
2019-11639,2019-05-04,11,279
2019-11739,2019-05-09,11,279
2019-11910,2019-05-09,11,2165
2019-12523,2019-05-15,11,734
2019-12452,2019-05-14,11,782
2019-12664,2019-05-15,11,287
2019-12757,2019-05-18,11,615
2019-12139,,11,287
2019-13377,2019-05-24,1925,159
2019-13259,2019-05-21,11,287
2019-13257,2019-05-22,11,2165
2019-13165,2019-05-22,11,33
2019-13572,2019-05-24,11,2220
2019-13690,2019-05-25,11,2090
2019-13918,2019-05-29,1925,159
2019-13917,2019-05-29,1925,159
2019-14046,2019-05-31,11,33
2019-14260,2019-06-03,11,58
2019-14301,2019-05-31,11,2165
2019-14556,2019-06-06,11,2165
2019-14435,2019-06-05,11,2203
2019-15086,2019-06-15,11,287
2019-15201,2019-06-12,11,796
2019-15215,2019-06-14,11,287
2019-15264,2019-06-12,11,136
2019-15269,2019-06-15,11,2189
2019-15330,2019-06-13,11,279
2019-15498,2019-06-17,11,2203
2019-15500,2019-06-17,11,287
2019-15675,2019-06-20,11,UC
2019-15657,2019-06-17,11,2219
2019-15660,2019-06-17,11,33
2019-15721,2019-06-19,11,2220
2019-15919,2019-06-22,11,33
2019-16160,2019-06-24,11,33
2019-16197,2019-06-25,1925,159
2019-16603,2019-06-29,11,287
2019-16880,2019-06-29,11,2219
2019-16877,2019-07-02,11,2220
2019-16986,2019-07-04,11,1671
2019-17282,2019-07-08,11,287
2019-17283,2019-07-07,11,UC
2019-17403,2019-07-08,11,282
2019-17549,2019-07-10,11,2132
2019-17689,2019-07-09,1925,159
2019-17724,2019-07-08,11,282
2019-17712,2019-07-10,11,287
2019-18054,2019-07-11,1925,159
2019-18123,2019-07-11,11,33
2019-18127,2019-07-12,11,2219
2019-18365,2019-07-16,11,135
2019-18493,2019-07-17,11,2130
2019-18687,2019-07-17,11,33
2019-19149,2019-07-26,11,2220
2019-19146,2019-07-26,11,33
2019-19176,2019-07-25,11,2203
2019-19354,2019-07-26,183,600
2019-19383,2019-07-31,11,33
2019-19378,2019-07-26,11,33
2019-19479,2019-07-29,11,2189
2019-19595,2019-08-01,11,2220
2019-19664,2019-08-01,11,148
2019-19857,2019-08-02,11,2189
2019-20026,2019-08-07,11,33
2019-20052,2019-08-07,11,2220
2019-20181,2019-08-08,11,2165
2019-20485,2019-08-13,11,33
2019-20567,2019-08-14,11,493
2019-20716,2019-08-15,11,33
2019-20810,2019-08-17,11,33
2019-21118,2019-08-22,11,135
2019-21799,2019-08-30,11,2219
2019-22694,2019-09-03,11,365
2019-22748,2019-09-04,11,1671
2019-22962,2019-09-09,11,33
2019-23239,2019-09-11,11,2090
2019-23389,2019-09-13,11,148
2019-23938,2019-09-15,11,2189
2019-24052,2019-09-19,11,2125
2019-24514,2019-09-22,11,2189
2019-24515,2019-09-23,11,2189
2019-24528,2019-09-23,11,136
2019-24595,2019-09-24,11,2189
2019-24621,2019-09-23,11,2189
2019-24623,2019-09-21,11,258
2019-24664,2019-09-25,11,33
2019-24923,2019-09-25,11,2165
2019-25070,2019-09-30,11,189
2019-25065,2019-09-30,11,2189
2019-25038,2019-09-30,11,2218
2019-25035,2019-09-30,11,2218
2019-25147,2019-10-01,11,287
2019-25121,2019-09-30,11,287
2019-25120,2019-09-25,11,136
2019-25118,2019-09-26,11,2189
2019-25243,2019-10-02,11,318
2019-25246,2019-10-02,1925,159
2019-25320,2019-10-02,11,2165
2019-25568,2019-10-06,11,2165
2019-25331,2019-09-02,11,33
2019-25674,2019-10-07,11,33
2019-25816,2019-10-08,11,2165
2019-25861,2019-10-09,11,33
2019-26207,2019-10-12,1925,159
2019-26297,2019-10-14,1925,159
2019-26421,2019-10-15,11,148
2019-25970,2019-10-10,,-
2019-26476,2019-10-14,1925,159
2019-26528,2019-10-15,11,2189
2019-27185,2019-10-25,1925,159
2019-27200,2019-10-21,11,2165
2019-27570,2019-10-29,11,258
2019-27598,2019-10-29,11,2189
2019-27802,2019-11-01,11,33
2019-27865,2019-11-01,11,2125
2019-27970,2019-10-29,11,33
2019-28105,2019-11-04,11,2125
2019-28130,2019-10-31,11,2090
2019-28204,2019-11-06,11,33
2019-28432,2019-11-10,11,2165
2019-28531,2019-11-12,11,287
2019-28530,2019-11-12,11,2130
2019-28528,2019-11-11,11,33
2019-28877,2019-11-13,1925,159
2019-28948,2019-11-15,11,33
2019-29036,2019-11-17,11,33
2019-29125,2019-11-17,1925,159
2019-29215,2019-11-22,11,33
2019-29214,2019-11-21,1925,159
2019-29259,2019-11-22,11,33
2019-29327,2019-11-22,11,189
2019-29408,2019-11-24,11,2189
2019-29490,2019-11-25,11,33
2019-29593,2019-11-25,11,2090
2019-29818,2019-11-25,11,33
2019-29768,2019-11-25,11,365
2019-29764,2019-11-27,11,2189
2019-29763,2019-11-26,11,2189
2019-29720,2019-11-28,11,2189
2019-29846,2019-11-29,11,33
2019-29892,2019-11-15,11,33
2019-30251,2019-11-28,11,2189
2019-30301,2019-11-28,11,2189
2019-30368,2019-12-02,11,2218
2019-30517,2019-11-27,11,392
2019-30555,2019-12-05,11,287
2019-30560,2019-12-06,11,33
2019-30855,2019-12-06,11,2220
2019-30829,2019-12-06,1925,159
2019-31289,2019-12-11,11,33
2019-31462,2019-12-12,1925,159
2019-31570,2019-12-14,11,318
2019-31621,2019-12-14,11,33
2019-31698,2019-12-17,11,2165
2019-32128,2019-12-24,11,365
2019-32190,2019-12-21,11,623
2019-32193,2019-12-22,11,623
2020-00062,2019-12-29,11,2165
2020-00025,2019-12-30,11,353
2020-00550,2020-01-06,1925,159
2020-00622,2020-01-06,11,2220
2020-00561,2020-01-03,11,2125
2020-00772,2020-01-03,11,1671
2020-01112,2020-01-10,11,365
2020-01421,2020-01-14,11,135
2020-01610,2020-01-17,11,2165
2020-01854,2020-01-20,11,713
2020-02095,2020-01-23,11,2165
2020-02092,2020-01-23,11,33
2020-02102,2020-01-21,11,713
2020-02634,2020-01-28,1925,159
2020-03228,2020-02-06,11,2250
2020-03197,2020-02-02,1925,159
2020-03393,2020-02-06,11,33
2020-03401,2020-02-06,11,318
2020-03989,2020-02-08,11,2132
2020-04130,2020-02-11,11,33
2020-04800,2020-02-20,11,33
2020-05158,2020-02-20,11,365
2020-05217,2020-02-23,11,33
2020-05279,2020-01-10,11,365
2020-05882,2020-02-28,11,2090
2020-06611,2020-03-06,11,2189
2020-08959,2020-02-08,11,2132
2020-10427,2020-03-20,11,287
2020-10938,2020-03-28,11,58
2020-11506,2020-04-03,11,135
2020-12721,2020-04-24,11,147
2020-12709,2020-04-25,11,147
2020-13146,2020-05-01,11,279
2020-13162,2020-04-30,11,279
2020-13616,2020-05-05,11,279
2020-13726,2020-05-06,11,279
2020-13743,2020-05-06,11,365
2020-14085,2020-05-11,11,279
2020-14235,2020-05-16,11,279
2020-14438,2020-05-15,11,279
2020-14498,2020-05-19,11,279
2020-14714,2020-05-20,1925,159
2020-25091,2020-05-25,11,279
2020-25607,2020-05-30,11,279
2020-27399,2020-06-24,11,279
2020-60801,2020-07-12,11,2189
2020-60892,2020-07-14,11,2189
2020-97163,2020-08-25,11,462
2020-97727,2020-09-09,11,279
2020-102992,2020-09-24,1972,747
2020-106041,2020-09-26,11,279
2020-106165,2020-09-26,11,279
2020-111611,2020-10-27,11,135
2020-117013,2020-11-12,11,279
2020-121756,2020-12-23,11,2165
2020-121812,2020-12-23,11,284
2020-121811,2020-12-23,11,284
2021-001987,2021-01-05,11,135
2021-002349,2021-01-08,11,279
2021-002863,2021-01-17,11,1667
2021-007790,2021-02-22,11,279
2020-97326,,11,373
2021-042616,2021-06-22,11,279
2021-042617,2021-06-22,11,279
2021-046183,2021-07-05,11,58
2021-075750,2021-08-23,11,279
2021-117957,2021-10-07,11,284
2021-126779,2021-10-18,11,UC
2021-128438,2021-10-15,3304,260
2021-131967,2021-10-23,11,UC
2021-143490,2021-11-07,11,279
2021-146835,2021-11-05,11,284
2021-147266,2021-11-09,3304,260
2021-157077,2021-11-18,11,2125
2021-162380,2021-11-29,11,33
2021-163810,2021-11-30,11,33
2021-189416,2021-12-21,11,2219
2022-026204,2022-02-11,11,240
2022-029565,2022-02-14,11,33
2022-032636,2022-02-20,11,279
2022-041251,2022-02-23,11,2219
2022-051255,2022-03-31,11,2219
2022-072674,2022-05-10,11,1914
2022-074346,2022-05-10,11,287
2022-078749,2022-05-20,11,2220
2022-078747,2022-05-19,11,33
2022-079048,2022-05-19,11,2165
2022-090485,2022-06-08,1925,159
2022-093662,2022-06-13,11,2165
2022-094821,2022-06-20,11,2220
2022-097526,2022-06-28,11,33
2022-097968,2022-06-28,11,33
2022-099410,2022-06-28,11,287
2022-099845,2022-07-01,11,2220
2022-099984,2022-07-01,11,2220
2022-101080,2022-07-05,11,2220
2022-108289,2022-07-22,11,2090
2022-108694,2022-07-18,11,2189
2022-108692,2022-07-21,11,33
2022-111820,2022-07-28,11,2090
2022-112053,2022-08-02,1925,159
2022-112350,2022-08-04,11,2165
2022-114207,2022-08-08,11,2220
2022-115014,2022-08-10,11,2220
2022-116363,2022-08-17,1925,159
2022-116767,2022-08-20,11,2189
2022-117847,2022-08-20,180,UC
2022-118249,2022-08-23,11,367
2022-118543,2022-08-26,11,135
2022-118604,2022-08-25,11,135
2022-118761,2022-08-24,11,2090
2022-119237,2022-08-24,11,33
2022-119598,2022-09-01,11,2189
2022-119929,2022-08-30,11,135
2022-120828,2022-09-07,11,2203
2022-121561,2022-09-11,11,2219
2022-121856,2022-09-13,11,135
2022-123035,2022-09-24,11,33
2022-123536,2022-09-24,11,33
2022-123661,2022-09-24,11,33
2022-123806,2022-09-26,11,33
2022-124028,2022-09-29,11,2125
2022-124850,2022-09-29,11,33
2022-125125,2022-10-05,11,2090
2022-125341,2022-10-05,11,33
2022-125828,2022-10-10,11,2130
2022-126047,2022-10-10,11,135
2022-126166,2022-10-10,11,2189
2022-126568,2022-10-15,11,2090
2022-126985,2022-10-16,11,2220
2022-127014,2022-10-13,11,2220
2022-127258,2022-10-18,11,33
2022-127598,2022-10-19,11,2125
2022-127599,2022-10-18,11,2125
2022-128100,2022-10-24,11,33
2022-128236,2022-10-22,11,2220
2022-129692,2022-10-31,180,2049
2022-129859,2022-10-31,11,2220
2022-130560,2022-11-03,11,493
2022-131430,2022-11-08,11,2219
2022-132092,2022-11-11,11,2220
2022-132624,2022-11-11,11,33
2022-132682,2022-11-13,11,2130
2022-132883,2022-11-14,11,135
2022-134810,2022-11-25,11,33
2022-134811,2022-11-23,11,2220
2022-134888,2022-11-25,11,493
2022-132960,2022-11-17,,-
2022-132956,2022-11-18,,-
2022-136465,2022-11-29,11,2218
2022-136643,2022-11-30,11,2203
2022-136952,2022-12-02,11,33
2022-137359,2022-12-08,11,135
2022-137388,2022-12-06,11,135
2022-138140,2022-12-08,11,33
2022-138786,2022-12-13,11,365
2022-139619,2022-12-18,11,147
2022-140059,2022-12-23,11,282
2022-140061,2022-12-21,11,2220
2022-140522,2022-12-23,11,2125
2022-140485,2022-12-23,11,2090
2022-140484,2022-12-20,11,33
2023-000718,2022-12-30,11,2220
2023-001363,2023-01-06,180,411
2023-001701,2023-01-10,11,33
2023-001945,2023-01-09,11,33
2023-001987,2023-01-09,180,411
2023-002063,2023-01-12,11,135
2023-002563,2023-01-16,11,33
2023-002769,2023-01-14,3347,2114
2023-002771,2023-01-15,11,2128
2023-002883,2023-01-19,11,33
2023-002884,2023-01-16,11,2220
2023-002976,2023-01-16,11,2125
2023-002975,2023-01-20,11,33
2023-003116,2023-01-21,11,2220
2023-003114,2023-01-21,11,2220
2023-003170,2023-01-22,11,2220
2023-003348,2023-01-24,11,2125
2023-003569,2023-01-26,11,2090
2023-002770,2023-01-14,3347,2114
2023-003826,2023-01-26,11,33
2023-003925,2023-01-25,11,33
2023-004134,2023-01-20,11,2128
2023-004263,2023-02-01,11,2090
2023-004268,2023-01-30,11,33
2023-004284,2023-02-02,11,2130
2023-004936,2023-02-07,11,2125
2023-005562,2023-02-11,11,2090
2023-005715,2023-02-13,11,135
2023-005749,2023-02-10,-,279
2023-005821,2023-02-08,11,33
2023-005822,2023-02-14,11,2189
2023-005913,2023-02-14,11,33
2023-005930,2023-02-10,11,135
2023-006831,2023-02-20,11,2125
2023-007042,2023-02-21,11,33
2023-007349,2023-02-21,11,33
2023-007402,2023-02-27,1925,159
2023-007584,2023-02-28,11,2132
2023-007785,2023-02-28,11,2125
2023-007818,2023-03-03,11,2189
2023-008215,2023-03-06,11,287
2023-008335,2023-03-07,11,33
2023-009354,2023-03-17,11,2125
2023-009499,2023-03-10,11,33
2023-009507,2023-03-14,11,2219
2023-009880,2023-03-20,11,2203
2023-009889,2023-03-19,11,33
2023-010031,2023-03-13,11,462
2023-010070,2023-03-20,11,2128
2023-010113,2023-03-20,11,2125
2023-010446,2023-03-24,11,33
2023-010613,2023-03-27,11,2218
2023-010921,2023-03-28,11,33
2023-011003,2023-03-30,11,2090
2023-011220,2023-03-30,1925,159
2023-011640,2023-04-06,-,365
2023-011869,2023-04-05,11,2221
2023-011874,2023-04-05,11,33
2023-011877,2023-03-04,11,33
2023-011878,2023-04-06,11,2220
2023-012610,2023-04-12,11,33
2023-012617,2023-04-12,11,147
2023-013294,2023-04-18,11,33
2023-013625,2023-04-21,11,33
2023-013653,2023-04-19,11,33
2023-014247,2023-04-27,11,33
2023-014368,2023-04-25,11,287
2023-014427,2023-04-26,11,2090
2023-014434,2023-04-27,11,2220
2023-014665,2023-04-27,11,2220
2023-014941,2023-05-02,1925,159
2023-015393,2023-05-03,11,2165
2023-015410,2023-04-30,1925,159
2023-015414,2023-05-03,11,2189
2023-015697,2023-05-04,11,392
2023-015687,2023-05-04,11,2203
2023-015949,2023-05-07,11,33
2023-016133,2023-05-09,11,2255
2023-016134,2023-05-08,11,2255
2023-016144,2023-05-09,11,33
2023-016207,2023-05-11,11,2255
2020-102113,2020-09-17,11,279
2020-120137,2020-11-27,11,279
2020-120138,2020-11-27,11,279
2020-120139,2020-11-27,11,279
2020-120140,2020-11-27,11,279
2020-120141,2020-11-27,11,279
